{
  "epoch": [
    1,
    2,
    3,
    4,
    5,
    6,
    7,
    8,
    9,
    10,
    11,
    12,
    13,
    14,
    15,
    16,
    17,
    18,
    19,
    20,
    21,
    22,
    23,
    24,
    25,
    26,
    27,
    28,
    29,
    30,
    31,
    32,
    33,
    34,
    35,
    36,
    37,
    38,
    39,
    40,
    41,
    42,
    43,
    44,
    45,
    46,
    47,
    48,
    49,
    50
  ],
  "train_g_total": [
    27.180336630043865,
    26.569289590531035,
    27.642380019756928,
    27.832762930733818,
    26.761706706455776,
    26.103243271963937,
    25.47504762601452,
    24.582183205740794,
    24.582163627688626,
    24.330649048620913,
    24.062445404309184,
    24.149632570603316,
    23.92276373374362,
    23.99818835955708,
    24.023554660252163,
    23.907367452092533,
    23.90934307611289,
    23.940045557102234,
    23.934664112379572,
    23.657494825154792,
    23.637830264307873,
    23.693854037052443,
    23.548264825965177,
    23.595768399278658,
    23.81196753846497,
    23.639973465094045,
    23.640500475138175,
    23.460658336286784,
    23.61371499454274,
    23.48702304487469,
    23.56324106232459,
    23.495352794743386,
    23.457253060861795,
    23.429824036670333,
    23.408253717502625,
    23.384782389793074,
    23.409075107414182,
    23.40771185642531,
    23.45245007426799,
    23.448311465607972,
    23.278742183076233,
    23.300354746650246,
    23.421899380403406,
    23.35405658048742,
    23.33478227439047,
    23.219170985502355,
    23.248951082309755,
    23.169540684483632,
    23.162909269252744,
    23.259475384559952
  ],
  "train_g_gan": [
    4.794180698823184,
    4.103783011100247,
    4.606616900344106,
    4.703036047084993,
    4.11545517775191,
    3.976014035990258,
    3.8036661017291684,
    3.214902657621047,
    3.1681663099657587,
    2.9863768543115183,
    2.8619377102320938,
    2.842291172858046,
    2.758018381024609,
    2.8039425371975457,
    2.7614280199102996,
    2.715774997252376,
    2.6807085767914267,
    2.7114836869119596,
    2.695854485605945,
    2.6743519777059555,
    2.65866876074246,
    2.652929178636615,
    2.657345706214424,
    2.6427577761041015,
    2.6899002574271513,
    2.586666580338438,
    2.6707706430779785,
    2.628390598036662,
    2.6916041187478714,
    2.6585526052342745,
    2.642693582182171,
    2.623786176573329,
    2.7164959741339962,
    2.696182151381709,
    2.7061126061046825,
    2.663181738743261,
    2.711040167167407,
    2.7101841179863744,
    2.7008390848476345,
    2.7489466137244922,
    2.70425881278615,
    2.7183588533541734,
    2.7598392382088828,
    2.7358403491072294,
    2.7554783306652757,
    2.7484148002171715,
    2.8063910338457894,
    2.7697626636408956,
    2.803032140291038,
    2.8121635980566007
  ],
  "train_g_l1": [
    0.2238615592337456,
    0.2246550660949795,
    0.23035763118697816,
    0.23129726927570937,
    0.22646251537719694,
    0.2212722926856089,
    0.21671381525382274,
    0.21367280549361925,
    0.2141399735888513,
    0.2134427221758025,
    0.21200507725988116,
    0.21307341395806864,
    0.2116474537588969,
    0.2119424584833514,
    0.212621266706651,
    0.2119159246843402,
    0.21228634513476316,
    0.2122856189022545,
    0.21238809634907907,
    0.209831428565398,
    0.2097916154400641,
    0.21040924910236808,
    0.20890919142160094,
    0.20953010650993395,
    0.21122067305721154,
    0.21053306871852956,
    0.20969729853027008,
    0.20832267781516084,
    0.2092211089965676,
    0.20828470419935818,
    0.20920547483598484,
    0.2087156660366459,
    0.2074075711374523,
    0.20733641894925542,
    0.2070214109235451,
    0.2072160065825246,
    0.20698034965941886,
    0.20697527762471127,
    0.20751611012621085,
    0.20699364847996657,
    0.20574483401635113,
    0.20581995891673224,
    0.20662060155588038,
    0.20618216267653874,
    0.2057930396860387,
    0.2047075620493969,
    0.20442560081471917,
    0.20399778045776512,
    0.20359877140582108,
    0.20447311816095304
  ],
  "train_d": [
    0.15521398331987585,
    0.15932163832912674,
    0.1239981937208438,
    0.13663984948876823,
    0.2126168121400968,
    0.20782565793585758,
    0.25310449204457525,
    0.2734711545741209,
    0.2745655138184074,
    0.28694253195621106,
    0.29554404009869245,
    0.2960709579156696,
    0.30583351981356555,
    0.29723994812873356,
    0.30499653264872356,
    0.3073935545015955,
    0.3121296759023323,
    0.3044452774588081,
    0.3044003697387686,
    0.3047746187237976,
    0.3081163829232433,
    0.3078774428264308,
    0.3055191603583918,
    0.3063145082107424,
    0.3012828210741281,
    0.30773586302385236,
    0.3017421251829682,
    0.3043667606283136,
    0.2975942961472877,
    0.3007799754811435,
    0.30447573627932234,
    0.30193367661391735,
    0.29314014102167946,
    0.29547282628871563,
    0.29303040128843,
    0.29753489851028103,
    0.2925995309345675,
    0.2943117414090876,
    0.29283737026984574,
    0.2877566754588654,
    0.2941016058198826,
    0.2945383816672599,
    0.29021975444747183,
    0.2921417208854892,
    0.29387728757373677,
    0.29045929500880113,
    0.28538324611011046,
    0.28613077435697265,
    0.28790462656118787,
    0.2852920098599641
  ],
  "val_l1": [
    0.13958901510387658,
    0.12034529306739569,
    0.12672423286736012,
    0.11781572441756726,
    0.11599027847498655,
    0.1153387776017189,
    0.11175911817699671,
    0.11521468776464462,
    0.1264371919259429,
    0.1132569266781211,
    0.11217413844168186,
    0.11537535751610994,
    0.11309350574761629,
    0.11623246981948614,
    0.11416675852239132,
    0.11944381261616946,
    0.11929388178884984,
    0.1166855757534504,
    0.11782170171290636,
    0.1161334293410182,
    0.11750395234674216,
    0.11276551227271557,
    0.12173531908541918,
    0.12114775383472443,
    0.11504428947716952,
    0.11635556115210056,
    0.11429356136173009,
    0.11475535722821952,
    0.11227379843592644,
    0.11693779797106982,
    0.11379081971943378,
    0.11712041039764881,
    0.11377185409516097,
    0.11809780867397786,
    0.12321963443607092,
    0.11090919771045446,
    0.1180922327786684,
    0.11373808241635561,
    0.11868635297566653,
    0.12285340263694525,
    0.11621863491088152,
    0.12080688415467739,
    0.11936849550157785,
    0.11457336483895779,
    0.11419355391710996,
    0.1211578229367733,
    0.11861201052367687,
    0.11360031998902559,
    0.11503217662870883,
    0.1121702826693654
  ],
  "val_psnr": [
    14.576763217315433,
    15.587470609831698,
    15.301910618205575,
    15.447697563792511,
    15.779042302667172,
    15.942420117058042,
    16.2531126275146,
    15.93035276387011,
    15.164055418288557,
    15.987302728452347,
    16.070299956256246,
    15.943809671733527,
    16.211443718886677,
    15.850623267157308,
    15.951893686540668,
    15.646792994566477,
    15.60257606092778,
    15.607277086624231,
    15.617935460377078,
    15.740936623971656,
    15.650073902963344,
    16.023706386159606,
    15.408692162984927,
    15.441136960705215,
    15.84951289068658,
    15.748347920108426,
    16.021730816863755,
    16.007314546933177,
    16.1286599827084,
    15.66948113925528,
    15.987738814117545,
    15.850913665239588,
    15.975200667755411,
    15.707171027617669,
    15.55626123497198,
    16.274767907799873,
    15.796457241811968,
    16.07784608349197,
    15.59723434917555,
    15.4282352588326,
    15.952441307095722,
    15.475663847977371,
    15.75040452148654,
    15.925699865499556,
    15.897730254992982,
    15.361273944128543,
    15.871554599887547,
    16.179045831436227,
    16.22210104833465,
    16.149991081960316
  ],