{
  "epoch": [
    1,
    2,
    3,
    4,
    5,
    6,
    7,
    8,
    9,
    10,
    11,
    12,
    13,
    14,
    15,
    16,
    17,
    18,
    19,
    20,
    21,
    22,
    23,
    24,
    25,
    26,
    27,
    28,
    29,
    30,
    31,
    32,
    33,
    34,
    35,
    36,
    37,
    38,
    39,
    40,
    41,
    42,
    43,
    44,
    45,
    46,
    47,
    48,
    49,
    50
  ],
  "train_g_total": [
    28.00921027880757,
    27.02793611959249,
    27.814664923724006,
    28.147324474879674,
    26.68110856032171,
    25.210417872196487,
    24.86285020235206,
    24.59487186592166,
    24.70357816904533,
    24.48053107061306,
    24.433273039745682,
    24.0840097937063,
    24.155938507528866,
    23.89482401230756,
    23.970802896323324,
    23.647698961786862,
    23.75326402167312,
    23.628220930019346,
    23.830267178190855,
    23.625091495353633,
    23.806142006882098,
    23.843336085792348,
    23.716134258238206,
    23.77857358563848,
    23.56598755299544,
    23.538521686201335,
    23.56421996653581,
    23.55139701202136,
    23.476178710360486,
    23.52945207579797,
    23.472046772932806,
    23.529135926511106,
    23.365674240368755,
    23.36623911176409,
    23.43905743959571,
    23.245979520332913,
    23.117990990646746,
    23.20714205573587,
    23.07257464817592,
    23.14822300598401,
    23.10631207185633,
    23.07899070130677,
    22.827268480893945,
    22.96836325220701,
    22.86271965443587,
    22.8474264872575,
    22.81896096109342,
    22.668403774229418,
    22.575243186950683,
    22.589576887242934
  ],
  "train_g_gan": [
    5.312977149269911,
    4.585526113129464,
    4.802322263599945,
    4.999295201336636,
    4.584522901187424,
    3.713976657260366,
    3.48408822282147,
    3.277116356199028,
    3.3163689495134756,
    3.129027384209032,
    3.0563096333151103,
    2.8978029492121786,
    2.8602587754485986,
    2.7068342500424185,
    2.7336028115689253,
    2.660236484082807,
    2.6779256997939918,
    2.6784807319050077,
    2.697616712776553,
    2.674916869081369,
    2.673089953951475,
    2.6954861141653623,
    2.7285827752822587,
    2.713400152861571,
    2.6678584525965845,
    2.6950786722407623,
    2.7136923571794975,
    2.652173090562099,
    2.6741708244996913,
    2.6458434839809644,
    2.645237937654768,
    2.6577872222010828,
    2.683449002474296,
    2.7101055309251576,
    2.6634415169723895,
    2.6551176255290247,
    2.6941916190676327,
    2.7114453204739997,
    2.6580153623348526,
    2.680062967068007,
    2.7022577334452076,
    2.740951906733152,
    2.6844724359231837,
    2.68272954209512,
    2.6840270095712997,
    2.6707212181852644,
    2.7148775435495778,
    2.668787081181502,
    2.678446099157093,
    2.688068096487462
  ],
  "train_g_l1": [
    0.22693249271446916,
    0.22439551666504196,
    0.2300942046627277,
    0.23145082798074273,
    0.22093767088751834,
    0.2149369406099079,
    0.2137602569551027,
    0.21315034026608748,
    0.2138447741300118,
    0.2134877276645989,
    0.2137422548898128,
    0.21183489468418248,
    0.21292952128067738,
    0.21185268255091516,
    0.21234473770906945,
    0.20984764828401453,
    0.21072631898046543,
    0.20947041209505385,
    0.21129930452889756,
    0.2094748188292279,
    0.21130327881885175,
    0.21145132159485536,
    0.20984854932843136,
    0.21062462772641863,
    0.20895443231368266,
    0.20840754917188853,
    0.20847840933489198,
    0.20896530849593026,
    0.20799326031147933,
    0.2088091374720846,
    0.2082411181300628,
    0.20868652273877328,
    0.2067955019293713,
    0.20653461585024827,
    0.20772924033032747,
    0.20588196068250833,
    0.20421152507557588,
    0.20493045484068012,
    0.20411910094884264,
    0.20465502851900935,
    0.2040140075843875,
    0.20335384677187734,
    0.20140173909543943,
    0.20282988282311865,
    0.2017606156162855,
    0.20174071501783963,
    0.20101448033537184,
    0.19997001581582702,
    0.19894192753469242,
    0.19898907514930772
  ],
  "train_g_perc": [
    0.029838901320550622,
    0.02858380606288419,
    0.029222026409409126,
    0.029464319198697554,
    0.028186231420821502,
    0.027471600881769878,
    0.02736275541024799,
    0.02721521712557859,
    0.027318371976999677,
    0.02730946302883515,
    0.027379752053808767,
    0.02717386945518626,
    0.027276236881666322,
    0.027215243117461183,
    0.027263559372860846,
    0.026976644870739024,
    0.027064373111900162,
    0.02699021244437254,
    0.02720011032522977,
    0.02692755299675114,
    0.02724198828474814,
    0.02717830224886161,
    0.026965461147307346,
    0.027106820189965374,
    0.026858923471837985,
    0.02688121193378162,
    0.026866830317225275,
    0.026931048684260425,
    0.02681858670154289,
    0.02694839760191551,
    0.026970462258748648,
    0.026964591849564002,
    0.026750682424910428,
    0.02672016825558258,
    0.026918833158722445,
    0.026658596532935855,
    0.026468918087790495,
    0.026512604554285522,
    0.026491924000575262,
    0.02657237717365267,
    0.026535784653818405,
    0.026541383431113067,
    0.026221346433172706,
    0.02645434604441168,
    0.02631109441560106,
    0.026337687237297788,
    0.026353938327867445,
    0.026151543172279825,
    0.026043786361124838,
    0.02601298068845723
  ],
  "train_d": [
    0.12893886097915228,
    0.1554800530044096,
    0.15307265684014956,
    0.1524544875037216,
    0.21208424792617306,
    0.24641926821746313,
    0.2591716404069712,
    0.2671695145780217,
    0.2650641291236168,
    0.27463583676745146,
    0.2789011833824593,
    0.29277982252951273,
    0.29236571141620393,
    0.3065356147878592,
    0.3068757953454091,
    0.30819549818945846,
    0.30368637451354197,
    0.3038197837877987,
    0.3002946428630595,
    0.3027211601794267,
    0.30110793461584867,
    0.2982249744233339,
    0.2946051661997736,
    0.2986809278564418,
    0.298294508724763,
    0.29557712298896194,
    0.29044278414106045,
    0.2934473339798508,
    0.28875045624741613,
    0.290099097964346,
    0.2837078467728335,
    0.2787823529884282,
    0.27573062373763496,
    0.26716999660645213,
    0.2713798562312076,
    0.26575665599392617,
    0.2578643147573814,
    0.2573613863100274,
    0.25640215125201005,
    0.2490597351825162,
    0.2429576223026648,
    0.2384409905113906,
    0.23548685308091907,
    0.23214017373204482,
    0.22873154920283234,
    0.21763716194575197,
    0.211821668875255,
    0.20802690355498502,
    0.19889916152325499,
    0.1892321754284516
  ],
  "val_l1": [
    0.11859088604897261,
    0.11549789956212043,
    0.12373440526425838,
    0.121706817753613,
    0.12160486967116595,
    0.11589966336637736,
    0.1164719462916255,
    0.11709551413357258,
    0.11149323514848948,
    0.11595157965272665,
    0.1168744351491332,
    0.11544191563874483,
    0.11429443729668856,
    0.11532999444007873,
    0.11382491344213486,
    0.11409935072809457,
    0.1141766904219985,
    0.11402368982136249,
    0.11624962034076453,
    0.12381726395338774,
    0.11642293032258749,
    0.11777363320440054,
    0.11587397459149361,
    0.1129377228245139,
    0.11679567444324493,
    0.1110599705427885,
    0.11401312895864248,
    0.11433045433461667,
    0.11612302033603192,
    0.11245351479202509,
    0.12092736242711544,
    0.11473564849048853,
    0.11169878003001213,
    0.11875210113078356,
    0.12053504351526499,
    0.11461788711696863,
    0.11268810378015041,
    0.1111877267435193,
    0.11346944208443165,
    0.11807144193351268,
    0.11889496771991252,
    0.11963330367952585,
    0.11912407150119543,
    0.11263208682835102,
    0.11784347186982631,
    0.113867552369833,
    0.1170205657184124,
    0.11683460327237845,
    0.11675681817531586,
    0.11543953432887792
  ],