Augmentation,Final Val Loss,Final PSNR (dB),Final SSIM,Final MAE,Best PSNR (dB),Best SSIM,Best Epoch (PSNR)
basic,0.21197268459945917,16.990595190431694,0.5141551881667731,0.10598634276539087,17.12408339258568,0.5162510498433491,9
none,0.21210355684161186,16.874962962534347,0.501604072852853,0.10605177842080593,17.234424321820224,0.5060610694758595,11
strong,0.2027035909704864,17.088878896490833,0.5090542442951977,0.1013517954852432,17.322520947880776,0.5122179098287879,38
